C:\SVN\TC\Simplex\non-dita\Datasheets\International\A0001-0001\A0001-0001.docx,Series 600 Heat Detectors for two-wire bases  fixed temperature and fixed temperature with rate-of-rise , International Products - Smoke and Heat Detectors 601H-RF-UL  601H-F-UL  631H-F-UL
C:\SVN\TC\Simplex\non-dita\Datasheets\International\A0001-0002\A0001-0002.docx,Series 600 Ionization Smoke Detectors for two-wire bases , International Products - Smoke and Heat Detectors 601I-ULC
C:\SVN\TC\Simplex\non-dita\Datasheets\International\A0001-0003\A0001-0003.docx,Series 600 High Performance Photo/Heat Detector for two-wire bases , International Products - Smoke and Heat Detectors 601PH-UL  601PH-UL-L
C:\SVN\TC\Simplex\non-dita\Datasheets\International\A0001-0004\A0001-0004.docx,Series 600 Optical Smoke Detectors for two-wire bases , International Products - Smoke and Heat Detectors 601P-UL  601P-UL-L
C:\SVN\TC\Simplex\non-dita\Datasheets\International\A0001-0006\A0001-0006.docx,IDNet Communicating Devices  Internal Addressable Callpoint   , International Products - IDNet Addressable Devices  4099-9701  4099-9702  4099-9703  4099-9704  CN4099-9032
C:\SVN\TC\Simplex\non-dita\Datasheets\International\A0001-0007\A0001-0007.docx,IDNet Communicating Devices  External Manual Callpoint   , International Products - IDNet Addressable Devices  4099-9707
C:\SVN\TC\Simplex\non-dita\Datasheets\Reference\ADV-1068\ADV-1068.docx,Detection of Electrical Cable Fires ,Reference -Application Guides  
C:\SVN\TC\Simplex\non-dita\Datasheets\Misc_Devices_Kits\S1002-0001\S1002-0001.docx,Fire Alarm System Spare Parts Kits,System Accessories - Fire Alarm System Spare Parts Kits  - Addressable and Non-Addressable
C:\SVN\TC\Simplex\non-dita\Datasheets\Remote_Station\S2080-0008\S2080-0008.docx,Four Channel DACT, Remote Station Devices/DACT Reference  2080-9024  2080-9022  2080-9031
C:\SVN\TC\Simplex\non-dita\Datasheets\Remote_Station\S2080-0009\S2080-0009.docx,Panel Mounted Digital Alarm Communicating Transmitters with Serial Communications (SDACT)  , Remote Station Devices/DACT Reference  4100-6052  4100-6080  4010-9912  4010-9816
C:\SVN\TC\Simplex\non-dita\Datasheets\Releasing_Systems\S2080-0010\S2080-0010.docx,Releasing System Peripherals  Abort and Maintenance Switches   , Releasing Systems and Accessories     2080-9056  -9057  -9067  -9068  -9059  -9060  & -9061
C:\SVN\TC\Simplex\non-dita\Datasheets\Batteries_Cabinets_Chargers\S2081-0006\S2081-0006.docx,System Batteries  Sealed Lead-Acid  with Applications Reference for Battery Cabinets and Battery Cabinets with Charger    , Batteries  Battery Cabinets  and Chargers     2081-Series
C:\SVN\TC\Simplex\non-dita\Datasheets\Circuit_Protection_Intr_Safe\S2081-0007\S2081-0007.docx,200 mA Isolated Loop Circuit Protector (ILCP)   , Circuit Protection Devices     2081-9027
C:\SVN\TC\Simplex\non-dita\Datasheets\Circuit_Protection_Intr_Safe\S2081-0008\S2081-0008.docx,5 A Isolated Loop Circuit Protector (ILCP)   , Circuit Protection Devices     2081-9028
C:\SVN\TC\Simplex\non-dita\Datasheets\Batteries_Cabinets_Chargers\S2081-0012\S2081-0012.docx,System Batteries. Sealed Lead-Acid  110 Ah  , Batteries  Battery Cabinets  and Chargers     2081-9279  2081-9280
C:\SVN\TC\Simplex\non-dita\Datasheets\Circuit_Protection_Intr_Safe\S2081-0016\S2081-0016.docx,200 mA Overvoltage Protector for Communication & Signaling Circuits   , Circuit Protection Devices     2081-9044
C:\SVN\TC\Simplex\non-dita\Datasheets\Circuit_Protection_Intr_Safe\S2081-0018\S2081-0018.docx,Intrinsically Safe Single & Dual Isolated Barrier Modules , Intrinsically Safe Devices     2081-9062/9063
C:\SVN\TC\Simplex\non-dita\Datasheets\Batteries_Cabinets_Chargers\S2081-0019\S2081-0019.docx,Battery Brackets for Seismic Activity Applications , Batteries  Battery Cabinets  and Chargers     2081-9297  2081-9298  2081-9401  2081-9402  2081-9403
C:\SVN\TC\Simplex\non-dita\Datasheets\Firefighter_Telephones\S2084-0001\S2084-0001.docx,Remote Emergency Telephone Equipment , Fire Fighter's Telephones   2084 Series
C:\SVN\TC\Simplex\non-dita\Datasheets\Firefighter_Telephones\S2084-0002\S2084-0002.docx,4100U System Accessories  AUTOCALL CommFone upgrade kits  , Fire Fighter's Telephones   2084-9030  2084-9031
C:\SVN\TC\Simplex\non-dita\Datasheets\Misc_Devices_Kits\S2088-0010\S2088-0010.docx,Fire alarm control relays  Apollo America Inc. (formerly Air Products)   , Miscellaneous Devices and Spare Parts Kits  2088 Series & 4098-9843
C:\SVN\TC\Simplex\non-dita\Datasheets\Door_Holders\S2088-0014\S2088-0014.docx,RSG Door Holders  DH Model Series  24 VDC  24 VAC  and 120 VAC models, Door Holders/Closers     DH Series
C:\SVN\TC\Simplex\non-dita\Datasheets\Misc_Devices_Kits\S2096-0005\S2096-0005.docx,Code Card Holders, Miscellaneous Devices and Spare Parts Kits  2096 Series
C:\SVN\TC\Simplex\non-dita\Datasheets\Detector_Station_Wire_Guards\S2098-0023\S2098-0023.docx,Detector Wire Guard   , Wire Guards for Detectors and Manual Stations  2098-9715
C:\SVN\TC\Simplex\non-dita\Datasheets\Misc_Devices_Kits\S2098-0029\S2098-0029.docx,2098 Series End-of-Line Voltage Monitor Relays  Plate Mounted  24 VDC or 120 VAC   , Miscellaneous Devices and Spare Parts Kits  2098-9735  2098-9736
C:\SVN\TC\Simplex\non-dita\Datasheets\Detector_Station_Wire_Guards\S2099-0004\S2099-0004.docx,Station Wire Guard  , Wire Guards for Detectors and Manual Stations  2099-9800
C:\SVN\TC\Simplex\non-dita\Datasheets\Manual_Stations\S2099-0007\S2099-0007.docx,Manual Stations   , Non-Coded Manual Stations     2099 Series  4099-9805 NO GRIP Retrofit Kit
C:\SVN\TC\Simplex\non-dita\Datasheets\Manual_Stations\S2099-0008\S2099-0008.docx,Manual Station for Hazardous Locations (Killark XAL-53)   , Non-Coded Manual Stations     2099-9136
C:\SVN\TC\Simplex\non-dita\Datasheets\Manual_Stations\S2099-0009\S2099-0009.docx,Metal Stations including Explosion-Proof/Weather-Proof (SigCom)   , Non-Coded Manual Stations     2099-9138  -9139  -9143  & -9144
C:\SVN\TC\Simplex\non-dita\Datasheets\Releasing_Systems\S2099-0010\S2099-0010.docx,Non-Addressable Releasing Stations with application labels  [moved location 3/10/08 from Non-Addressable Initiating Devices  Manual Stations], Releasing Systems and Accessories     2099-9149  -9152
C:\SVN\TC\Simplex\non-dita\Datasheets\MAPNET_II\S2190-0012\S2190-0012.docx,MAPNET II Addressable Zone Adapter Modules (ZAMs) , MAPNET II Addressable Input/Output  2190 Series
C:\SVN\TC\Simplex\non-dita\Datasheets\MAPNET_II\S2190-0022\S2190-0022.docx,2-Point I/O Module  Provides Supervised Input & Control Relay Output , MAPNET II Addressable Input/Output  2190-9173
C:\SVN\TC\Simplex\non-dita\Datasheets\Voice_Power_Expansion\S4003-0002\S4003-0002.docx, 4003EC Voice Control Panels,LifeAlarm Fire Alarm Controls - Emergency Communication Systems and Mass Notification Systems  4003EC Voice Control Panels
C:\SVN\TC\Simplex\non-dita\Datasheets\Releasing_Systems\S4004-0002\S4004-0002.docx,4004R Suppression Release Panels , Releasing Systems and Accessories     4004-9301  4004-9302
C:\SVN\TC\Simplex\non-dita\Datasheets\Non_Addressable_Panels\S4006-0001\S4006-0001.docx,4006 Series Fire Alarm Control Panel,LifeAlarm Fire Alarm Control Panels - 4006 Series Fire Alarm Control Panels Providing up to Ten IDCs and Four NACs
C:\SVN\TC\Simplex\non-dita\Datasheets\Addressable_Panels\S4007-0001\S4007-0001.docx,4007ES Fire Control Panels  4007ES Hybrid  Fire Detection and Control Panel with Addressable and/or Conventional Initiation , Addressable Fire Alarm Control Panels      4007-9101  4007-9102
C:\SVN\TC\Simplex\non-dita\Datasheets\Addressable_Panels\S4007-0002\S4007-0002.docx,4007ES Fire Control Panels  Fire Detection and Control with Addressable Initiation and Addressable Notification  , Addressable Fire Alarm Control Panels      4007-9201  4007-9202  4007-9804
C:\SVN\TC\Simplex\non-dita\Datasheets\Releasing_Systems\S4007-0003\S4007-0003.docx,4007ES Automatic Extinguishing  Deluge and Preaction Sprinkler System Releasing Control , Releasing Systems and Accessories     2080-9056  2080-9057  2080-9059  2080-9060  2081-9046  2975-9227  4007-9830  4007-9830CAF  4090-9005  4090-9006  2975-9227  4090-9812
C:\SVN\TC\Simplex\non-dita\Datasheets\Voice_Power_Expansion\S4009-0002\S4009-0002.docx,4009 IDNet NAC Extender ,LifeAlarm Fire Alarm Controls 4009 IDNet NAC Extender for Control with IDNet Communications or Conventional NACs
C:\SVN\TC\Simplex\non-dita\Datasheets\Voice_Power_Expansion\S4009-0003\S4009-0003.docx,TrueAlert Addressable Operation Reference & 4009 Series TrueAlert Addressable Controller for installed system expansion , Expansion Panels for Voice and Power         4009-9401  4009-9402CA  4009-9501  4009-9812
C:\SVN\TC\Simplex\non-dita\Datasheets\Voice_Power_Expansion\S4009-0004\S4009-0004.docx,4009 IDNAC Repeater,TrueAlert Addressable Notification - 4009 IDNAC Repeater Power and Distance Extender
C:\SVN\TC\Simplex\non-dita\Datasheets\LED_Annunciators\S4010-0002\S4010-0002.docx,24 Point I/O Annunciators and 24 LED annunciator doors for the 4010 , LED Annunciators     4605 Series  4010-9860  -9860CAF  & -9861
C:\SVN\TC\Simplex\non-dita\Datasheets\Addressable_Panels\S4010-0004\S4010-0004.docx,4010ES Addressable Fire Detection and Control Basic Panel Modules and Accessories   , Addressable Fire Alarm Control Panels      4010-9401  4010-9402  4010-9403  4010-9404  4010-9405  4010-9406
C:\SVN\TC\Simplex\non-dita\Datasheets\Releasing_Systems\S4010-0005\S4010-0005.docx,4010ES Automatic Extinguishing  Deluge and Preaction Sprinkler System Releasing Control , Releasing Systems and Accessories     4010-9401  4010-9402  4010-9403  4010-9404  4010-9405  4010-9406  4010-9830  4010-9830CAF  4090-9005  4090-9006  2975-9277  4090-9812  2080-9046
C:\SVN\TC\Simplex\non-dita\Datasheets\International\S4010-0006\S4010-0006.docx,4010ES Addressable Fire Detection and Control Basic Panel Modules and Accessories   , International Products - Fire Alarm Control Panels and Accessories  4010 Series  4100-8802  4100-0292  4100-0295  4100-0296  4100-0298  4100-0650
C:\SVN\TC\Simplex\non-dita\Datasheets\International\S4010-0007\S4010-0007.docx,4010ES Automatic Extinguishing  Deluge and Preaction Sprinkler System Releasing Control , International Products - Fire Alarm Control Panels and Accessories  4010 Series  4090-9005  4090-9006  2975-9277  4090-9812  2080-9046
C:\SVN\TC\Simplex\non-dita\Datasheets\Addressable_Panels\S4010-0008\S4010-0008.docx,4100 Series Remote InfoAlarm Command Center for the 4010ES Fire Alarm Control Panel, Addressable Fire Alarm Control Panels      4100-9401  4100-9403  4100-9421  4100-9423  4100-9441  4100-9443
C:\SVN\TC\Simplex\non-dita\Datasheets\International\S4010-0009\S4010-0009.docx,InfoAlarm Command Center for the 4010ES Fire Alarm Control Panel, International Products - Fire Alarm Control Panels and Accessories  4100-9401  4100-9403  4100-9421  4100-9423  4100-9441  4100-9443
C:\SVN\TC\Simplex\non-dita\Datasheets\Addressable_Panels\S4010-0011\S4010-0011.docx,4010ES Fire Alarm Control Panel,4010ES Fire Control Panels - Addressable Fire Detection and Control Basic Panel Modules and Accessories 
C:\SVN\TC\Simplex\non-dita\Datasheets\International\S4010-0012\S4010-0012.docx,4010 ES Fire Control Panels  Addressable Fire Detection and Control  Basic Panel Modules and Accessories  with ESS for IDNAC Addressable Notification  for International Projects   , International Products - Fire Alarm Control Panels and Accessories  4010 Series
C:\SVN\TC\Simplex\non-dita\Datasheets\Batteries_Cabinets_Chargers\S4081-0001\S4081-0001.docx,External Battery Charger for 4010 , Batteries  Battery Cabinets  and Chargers     4081-9301  4081-9302
C:\SVN\TC\Simplex\non-dita\Datasheets\Batteries_Cabinets_Chargers\S4081-0002\S4081-0002.docx,4100ES/4100U/4010ES Compatible External Battery Cabinet with Charger  4081 Series, Batteries  Battery Cabinets  and Chargers     4081-9306  4081-9308  4100-9837  2081-9279
C:\SVN\TC\Simplex\non-dita\Datasheets\Misc_Devices_Kits\S4081-0003\S4081-0003.docx,End of line resistor harnesses for Class B wiring supervision,Miscellaneous Devices and Spare Parts Kits  4081 Series
C:\SVN\TC\Simplex\non-dita\Datasheets\IDNet_MAPNET_II\S4090-0001\S4090-0001.docx,IDNet or MAPNET II Supervised IAM  , IDNet/MAPNET II Addressable Input/Output Devices    4090-9001  4090-9051
C:\SVN\TC\Simplex\non-dita\Datasheets\IDNet_Beam_Detector\S4090-0002\S4090-0002.docx,IDNet Relay IAM  for use with 4100ES  4010ES  4100U  4008  and 4010 IDNet communications , IDNet Addressable Input/Output Devices and Beam Detectors  4090-9002
C:\SVN\TC\Simplex\non-dita\Datasheets\IDNet_MAPNET_II\S4090-0003\S4090-0003.docx,IDNet or MAPNET II Zone Adapter Modules  , IDNet/MAPNET II Addressable Input/Output Devices    4090-9101 4090 -9106
C:\SVN\TC\Simplex\non-dita\Datasheets\IDNet_Beam_Detector\S4090-0004\S4090-0004.docx,4090-9121 Security Monitor IAM (Individual Addressable Module), IDNet Addressable Input/Output Devices and Beam Detectors  4090-9121
C:\SVN\TC\Simplex\non-dita\Datasheets\IDNet_Beam_Detector\S4090-0005\S4090-0005.docx,4090-9116 Addressable IDNet Isolator for 4007ES  4008  4010ES  4100ES  and 4100U Series Fire Alarm Controls, IDNet Addressable Input/Output Devices and Beam Detectors  4090-9116
C:\SVN\TC\Simplex\non-dita\Datasheets\IDNet_Beam_Detector\S4090-0006\S4090-0006.docx,4090-9117 Addressable Power Isolator for 4100ES  4100U and 4010ES Series Fire Alarm Controls, IDNet Addressable Input/Output Devices and Beam Detectors  4090-9117
C:\SVN\TC\Simplex\non-dita\Datasheets\IDNet_Beam_Detector\S4090-0007\S4090-0007.docx,4090-9118 Relay IAM (Individual Addressable Module) with T-Sense Input, IDNet Addressable Input/Output Devices and Beam Detectors  4090-9118
C:\SVN\TC\Simplex\non-dita\Datasheets\IDNet_Beam_Detector\S4090-0008\S4090-0008.docx,4090-9119 Relay IAM (Individual Addressable Module) with Unsupervised Input, IDNet Addressable Input/Output Devices and Beam Detectors  4090-9119
C:\SVN\TC\Simplex\non-dita\Datasheets\IDNet_Beam_Detector\S4090-0009\S4090-0009.docx,4090-9120 Six Point Module with Four T-Sense Inputs and Two Relay Outputs , IDNet Addressable Input/Output Devices and Beam Detectors  4090-9120
C:\SVN\TC\Simplex\non-dita\Datasheets\IDNet_Beam_Detector\S4090-0010\S4090-0010.docx,IDNet Addressable Devices  Model 4090-9007 Signal IAM (Individual Addressable Module), IDNet Addressable Input/Output Devices and Beam Detectors  4090-9007
C:\SVN\TC\Simplex\non-dita\Datasheets\Device_Compatibility\S4090-0011\S4090-0011.docx,IDNet and MAPNET II Addressable Devices Device Communications Compatibility Chart  , Addressable Device Compatibility Reference  Addressable Devices  Multiple Series
C:\SVN\TC\Simplex\non-dita\Datasheets\International\S4090-0012\S4090-0012.docx,MX Technology Addressable Devices - IAMs  Monitor ZAMs  and Line Isolator, International Products - MX Technology Addressable Devices  4090-5201  4090-5202  4090-5203  4090-5204  4090-5205  4090-5206  4081-9020  4081-9021  4081-9022
C:\SVN\TC\Simplex\non-dita\Datasheets\IDNet_MAPNET_II\S4090-0014\S4090-0014.docx,Model 4090-9008 Dual Contact Relay IAM , IDNet/MAPNET II Addressable Input/Output Devices    4090-9008  4090-9813  4090-9801  4090-9802
C:\SVN\TC\Simplex\non-dita\Datasheets\IDNet_Beam_Detector\S4090-0015\S4090-0015.docx,Model 4090-9010  8 A Relay IAM  , IDNet Addressable Input/Output Devices and Beam Detectors  4090-9010
C:\SVN\TC\Simplex\non-dita\Datasheets\International\S4090-0016\S4090-0016.docx,MX Technology Addressable Devices  Model 4090-5250 Loop Powered Multiple I/O Module with Three Inputs and Two Outputs, International Products - MX Technology Addressable Devices  4090-5250
C:\SVN\TC\Simplex\non-dita\Datasheets\Heat_Detectors\S4098-0007\S4098-0007.docx,Electronic Heat Detectors  direct connect models  135F (57C) or 200F (93C)  available with or without rate-of-rise operation   , Heat Detectors     4098-9401  4098-9402  4098-9403  & 4098-9404
C:\SVN\TC\Simplex\non-dita\Datasheets\Heat_Detectors\S4098-0014\S4098-0014.docx,Electronic Heat Detectors for two-wire and four-wire bases  135F (57C) or 200F (93C)  available with or without rate-of-rise operation   , Heat Detectors     4098-9612  4098-9613  4098-9614  & 4098-9615
C:\SVN\TC\Simplex\non-dita\Datasheets\Photoelectric_Beam_Duct_Detectors\S4098-0015\S4098-0015.docx,TrueAlarm Photoelectric Smoke Detectors for Two-Wire and Four-Wire Bases   , Photoelectric Smoke Detectors  Beam and Duct Detectors     4098-9601  4098-9605 and bases
C:\SVN\TC\Simplex\non-dita\Datasheets\Photoelectric_Beam_Duct_Detectors\S4098-0017\S4098-0017.docx,TrueSense Photoelectric Detectors with Heat Detection   , Photoelectric Smoke Detectors  Beam and Duct Detectors     4098-9602
C:\SVN\TC\Simplex\non-dita\Datasheets\TrueAlarm_Addressable\S4098-0019\S4098-0019.docx,TrueAlarm Sensors and Bases (Sensors 4098-9714 and 4098-9733)  , TrueAlarm Addressable Analog Smoke and Heat Sensing Devices    4098 Series
C:\SVN\TC\Simplex\non-dita\Datasheets\TrueAlarm_Addressable\S4098-0021\S4098-0021.docx,TrueAlarm In-Duct Sensor Housing for 4098-9714 Photoelectric Smoke Sensor  , TrueAlarm Addressable Analog Smoke and Heat Sensing Devices    4098-9750  4098-9751
C:\SVN\TC\Simplex\non-dita\Datasheets\TrueAlarm_Addressable\S4098-0024\S4098-0024.docx,TrueAlarm Multi Sensor Model 4098-9754 Providing TrueSense Early Fire Detection, TrueAlarm Addressable Analog Smoke and Heat Sensing Devices    4098-9754
C:\SVN\TC\Simplex\non-dita\Datasheets\TrueAlarm_Addressable\S4098-0025\S4098-0025.docx,IDNet Isolator Base for 4007ES  4008  4010  4010ES  4100ES  and 4100U IDNet  , TrueAlarm Addressable Analog Smoke and Heat Sensing Devices    4098-9793
C:\SVN\TC\Simplex\non-dita\Datasheets\TrueAlarm_Addressable\S4098-0028\S4098-0028.docx,Sounder Base for use w/TrueAlarm Photoelectric and Heat Sensors  , TrueAlarm Addressable Analog Smoke and Heat Sensing Devices    4098-9794
C:\SVN\TC\Simplex\non-dita\Datasheets\Photoelectric_Beam_Duct_Detectors\S4098-0029\S4098-0029.docx,TrueAlarm Detector Duct Housing with Detector   , Photoelectric Smoke Detectors  Beam and Duct Detectors     4098-9685  4098-9686  4098-9688
C:\SVN\TC\Simplex\non-dita\Datasheets\TrueAlarm_Addressable\S4098-0030\S4098-0030.docx,TrueAlarm Sensor Duct Housing with Sensor    also compatible with model 4008 fire alarm control panel, TrueAlarm Addressable Analog Smoke and Heat Sensing Devices    4098-9755  4098-9756
C:\SVN\TC\Simplex\non-dita\Datasheets\Photoelectric_Beam_Duct_Detectors\S4098-0031\S4098-0031.docx,Stand Alone TrueAlarm Detector Duct housing with Detector, Photoelectric Smoke Detectors  Beam and Duct Detectors     4098-9687  4098-9842
C:\SVN\TC\Simplex\non-dita\Datasheets\TrueAlarm_Addr_Accessories\S4098-0032\S4098-0032.docx,Weatherproof Duct Housing Enclosure  , TrueAlarm Addressable Peripheral Accessories  4098-9845
C:\SVN\TC\Simplex\non-dita\Datasheets\TrueAlarm_Addressable\S4098-0033\S4098-0033.docx,TrueAlarm Multi Sensor 4098-9754 with Dual Address Bases  , TrueAlarm Addressable Analog Smoke and Heat Sensing Devices    4098-9795  4098-9796
C:\SVN\TC\Simplex\non-dita\Datasheets\TrueAlarm_Addressable\S4098-0034\S4098-0034.docx,QuickConnect2 TrueAlarm Sensor for use with 4098-9788 base  , TrueAlarm Addressable Analog Smoke and Heat Sensing Devices    4098-9757
C:\SVN\TC\Simplex\non-dita\Datasheets\TrueAlarm_Addr_Accessories\S4098-0035\S4098-0035.docx,Sensor Guard for TrueAlarm Sensors 4098-9714 (photo)  4098-9754 (photo and heat)  and 4098-9733 (heat)  has optional adapter for surface mounted electrical box  UL  ULC  & CSFM listed  , TrueAlarm Addressable Peripheral Accessories  4098-9846  4098-9847  4098-9823
C:\SVN\TC\Simplex\non-dita\Datasheets\TrueAlarm_Addressable\S4098-0036\S4098-0036.docx,VLC-600 TrueAlarm LaserCOMPACT Smoke Sensor with 4100ES/4100U/4010ES IDNet and MAPNET II Communications, TrueAlarm Addressable Analog Smoke and Heat Sensing Devices    VLC-600
C:\SVN\TC\Simplex\non-dita\Datasheets\International\S4098-0037\S4098-0037.docx,E-Series Electronic Heat Detectors for Extended Exposure to High Humidity , International Products - Smoke and Heat Detectors 4098-9612E  4098-9613E  4098-9614E  4098-9615E  4098-9788E  4098-9684E  4098-9683E  4098-9682E
C:\SVN\TC\Simplex\non-dita\Datasheets\International\S4098-0038\S4098-0038.docx,Addressable Initiating Peripherals  E-Series Analog Heat Sensor 4098-9733E and Bases for Extended Exposure to High Humidity , International Products - Smoke and Heat Detectors 4098-9733E  4098-9792E  4098-9793E  4098-9789E  4098-9791E  4098-9794E  4098-9780E
C:\SVN\TC\Simplex\non-dita\Datasheets\Photoelectric_Beam_Duct_Detectors\S4098-0040\S4098-0040.docx,Fire Fighting Enterprises Reflective Beam smoke detectors models 50RU and 100RU  and accessories   , Photoelectric Smoke Detectors  Beam and Duct Detectors     50RU  100RU  LLC
C:\SVN\TC\Simplex\non-dita\Datasheets\Photoelectric_Beam_Duct_Detectors\S4098-0042\S4098-0042.docx,Reflective Beam Smoke Detectors  Fire Fighting Enterprises (FFE) Auto-Aligning Fireray 5000 and accessories   , Photoelectric Smoke Detectors  Beam and Duct Detectors     Fireray 5000 Series
C:\SVN\TC\Simplex\non-dita\Datasheets\International\S4098-0043\S4098-0043.docx,Dust boot for Simplex TrueAlarm sensor and detector bases,International Products - Smoke and Heat Detectors 4098-9848
C:\SVN\TC\Simplex\non-dita\Datasheets\International\S4098-0045\S4098-0045.docx,MX Technology Addressable Devices - Addressable Smoke Sensor  Multi-Sensor (Smoke & Heat)  Isolator Bases  Sounder Bases  and Accessories, International Products - MX Technology Addressable Devices  4098-5201  4098-5202  4098-5203  4098-5207  4098-5208  4098-5209  4098-5210  4098-5211  4098-5212  4098-5215
C:\SVN\TC\Simplex\non-dita\Datasheets\International\S4098-0046\S4098-0046.docx,MX Technology Addressable Duct Sensor Housing and sampling tubes , International Products - MX Technology Addressable Devices  4098-5214  920080  920081  920082
C:\SVN\TC\Simplex\non-dita\Datasheets\TrueAlarm_Addressable\S4098-0048\S4098-0048.docx,TrueAlarm¸ Analog Sensing - Air Aspiration Addressable Duct Smoke Detection with TrueAlarm Photoelectric Sensor(s), TrueAlarm Addressable Analog Smoke and Heat Sensing Devices    4098-XAD-100  4098-XAD-110  4098-XAD-200  4098-XAD-210
C:\SVN\TC\Simplex\non-dita\Datasheets\IDNet_Beam_Detector\S4098-0049\S4098-0049.docx,Addressable Detection Products  Auto-Aligning Reflective Beam Smoke Detectors with IDNet Communications , IDNet Addressable Input/Output Devices and Beam Detectors  4098-9019  4098-9020
C:\SVN\TC\Simplex\non-dita\Datasheets\Photoelectric_Beam_Duct_Detectors\S4098-0050\S4098-0050.docx,End-to-End Infrared Optical Beam Smoke Detector  Fire Fighting Enterprises FIRERAY 3000   ,Photoelectric Smoke Detectors  Beam and Duct Detectors     FFE FIRERAY 3000
C:\SVN\TC\Simplex\non-dita\Datasheets\TrueAlarm_Addressable\S4098-0052\S4098-0052.docx,Multi-Point Peripherals  TrueAlarm CO Sensor Bases for Smoke  Heat  and Photo/Heat Sensors using IDNet Communications , TrueAlarm Addressable Analog Smoke and Heat Sensing Devices    4098-9770  4098-9771  4098-9747
C:\SVN\TC\Simplex\non-dita\Datasheets\TrueAlarm_Addressable\S4098-0053\S4098-0053.docx,TrueAlarm 4098-9773 CO Sensor Base with 520 Hz Sounder  , TrueAlarm Addressable Analog Smoke and Heat Sensing Devices    4098-9773
C:\SVN\TC\Simplex\non-dita\Datasheets\TrueAlarm_Addressable\S4098-0054\S4098-0054.docx,TrueAlarm 4098-9772 Sensor Base with 520 Hz Sounder  , TrueAlarm Addressable Analog Smoke and Heat Sensing Devices    4098-9772
C:\SVN\TC\Simplex\non-dita\Datasheets\International\S4099-0003\S4099-0003.docx,MX Technology Addressable Devices - Addressable Manual Stations  Single and Dual Action, International Products - MX Technology Addressable Devices  4099-5201  4099-5202 4099-5201  4099-5202
C:\SVN\TC\Simplex\non-dita\Datasheets\International\S4099-0004\S4099-0004.docx,MX Technology Addressable Devices - Addressable Callpoints  Available for Indoor or Outdoor, International Products - MX Technology Addressable Devices  4099-5203  4099-5204
C:\SVN\TC\Simplex\non-dita\Datasheets\IDNet_MAPNET_II\S4099-0005\S4099-0005.docx,IDNet or MAPNET II Communicating Devices  Addressable Manual Stations with LED  ,IDNet/MAPNET II Addressable Input/Output Devices    4099-9004  4099-9005  4099-9006  4099-9021  4099-9805
C:\SVN\TC\Simplex\non-dita\Datasheets\Releasing_Systems\S4099-0006\S4099-0006.docx,Releasing System Peripherals  IDNet or MAPNET II Communicating Devices  Addressable Manual Stations for Releasing Applications  with Status LED  ,Releasing Systems and Accessories     4099-9015  4099-9802
C:\SVN\TC\Simplex\non-dita\Datasheets\LED_Annunciators\S4100-0005\S4100-0005.docx,4100 Series Graphic Annunciator Modules  LED/Switch Modules and 24 Point I/O Graphic Module, LED Annunciators     4100-7401  4100-7402  4100-74003  4100-7404
C:\SVN\TC\Simplex\non-dita\Datasheets\Addressable_Panel_Accessories\S4100-0026\S4100-0026.docx,High Level Interface to VESDA Air Aspiration Detectors for 4100ES/4100U/4100/4010ES Series Fire Alarm Control Panels, Multi-Use Addressable Control Panel Accessories    4100-0154  4100-6048  VSR-13D01-S04
C:\SVN\TC\Simplex\non-dita\Datasheets\Network\S4100-0029\S4100-0029.docx,TCP/IP Physical Bridge Modules for 4100ES  4100U 4100  and 4010ES Fire Alarm Control Panels  , Network Reference   4100-9849  4100-9850  4010-9905  4010-9906
C:\SVN\TC\Simplex\non-dita\Datasheets\Addressable_Panels\S4100-0031\S4100-0031.docx,4100ES Basic Panel Modules and Accessories     , Addressable Fire Alarm Control Panels      4100ES Products
C:\SVN\TC\Simplex\non-dita\Datasheets\Addressable_Panels\S4100-0032\S4100-0032.docx,4100ES LED/Switch Modules and Controllers  and Local Printer (panel mounted) , Addressable Fire Alarm Control Panels      4100ES Products
C:\SVN\TC\Simplex\non-dita\Datasheets\Addressable_Panels\S4100-0033\S4100-0033.docx,4100ES Dual Port RS-232 Module with Master Clock Interface , Addressable Fire Alarm Control Panels      4100-9816
C:\SVN\TC\Simplex\non-dita\Datasheets\Addressable_Panels\S4100-0034\S4100-0034.docx,4100ES Emergency Voice/Alarm Communications Equipment  , Addressable Fire Alarm Control Panels      4100ES Products
C:\SVN\TC\Simplex\non-dita\Datasheets\Addressable_Panels\S4100-0035\S4100-0035.docx,4100ES MINIPLEX Transponders    , Addressable Fire Alarm Control Panels      4100ES Products
C:\SVN\TC\Simplex\non-dita\Datasheets\Network\S4100-0036\S4100-0036.docx,4100ES Network Display Unit  NDU   , Network Annunciators   4100ES Products
C:\SVN\TC\Simplex\non-dita\Datasheets\Addressable_Panels\S4100-0037\S4100-0037.docx,4100ES Cabinet Reference  Boxes  Doors  Retainers  Rack Mounting  and Accessories , Addressable Fire Alarm Control Panels      4100ES Products
C:\SVN\TC\Simplex\non-dita\Datasheets\Addressable_Panels\S4100-0038\S4100-0038.docx,4100ES Remote Annunciator Panels  , Addressable Fire Alarm Control Panels      4100ES Products
C:\SVN\TC\Simplex\non-dita\Datasheets\Releasing_Systems\S4100-0040\S4100-0040.docx,4100ES Automatic Extinguishing  Deluge and Preaction Sprinkler System Releasing Control , Releasing Systems and Accessories     2080-9056  2080-9057  2080-9059  2080-9060  2081-9046  2975-9227  4010-9830  4010-9830CAF  4090-9005  4090-9006  4090-9812
C:\SVN\TC\Simplex\non-dita\Datasheets\Addressable_Panels\S4100-0041\S4100-0041.docx,XA Loop Interface to the 4100ES Fire Alarm Control Panel , Addressable Fire Alarm Control Panels      4100-3115
C:\SVN\TC\Simplex\non-dita\Datasheets\Addressable_Panels\S4100-0044\S4100-0044.docx,Retrofit kits for installing 4100ES equipment into existing 2120  2001  and 4100 Series backboxes, Addressable Fire Alarm Control Panels      4100 Series -9901 to -9926
C:\SVN\TC\Simplex\non-dita\Datasheets\Addressable_Panels\S4100-0045\S4100-0045.docx,InfoAlarm Command Center for the 4100ES Fire Alarm Control Panel  panel mounted and remote cabinet mounted , Addressable Fire Alarm Control Panels      4100 Series
C:\SVN\TC\Simplex\non-dita\Datasheets\Addressable_Panels\S4100-0047\S4100-0047.docx,Retrofit kits for installing 4100ES equipment into existing AUTOCALL control panel backboxes , Addressable Fire Alarm Control Panels      4100-9930 through -9939
C:\SVN\TC\Simplex\non-dita\Datasheets\Addressable_Panels\S4100-0048\S4100-0048.docx,2120 BMUX (CPU) Upgrade Equipment  Transponder Interface Module 4100-6065  (4100ES BMUX Replacement)     , Addressable Fire Alarm Control Panels      4100-6065  4100-0852
C:\SVN\TC\Simplex\non-dita\Datasheets\Addressable_Panel_Accessories\S4100-0049\S4100-0049.docx,Multiple Signal Fiber Optic Modems and Accessories for Panel and Remote Mounting , Multi-Use Addressable Control Panel Accessories    4100-6072  -6073  -6074  & -6075  4190-9021  -9022  -9023  -9024  -9025  & -9026
C:\SVN\TC\Simplex\non-dita\Datasheets\Addressable_Panels\S4100-0050\S4100-0050.docx,AUTOCALL TFX Equipment Migration to 4100ES Fire Alarm Control  , Addressable Fire Alarm Control Panels      4100-1297  4100-1298  4100-1340  4100--5130  4100-6066
C:\SVN\TC\Simplex\non-dita\Datasheets\Addressable_Panels\S4100-0051\S4100-0051.docx,BACpac Ethernet Module , Addressable Fire Alarm Control Panels      4100-6069 and 4010-9915
C:\SVN\TC\Simplex\non-dita\Datasheets\International\S4100-0052\S4100-0052.docx,Single Bay 4100ES Cabinet  Module Mounting Options , International Products - Fire Alarm Control Panels and Accessories  4100-9852
C:\SVN\TC\Simplex\non-dita\Datasheets\Addressable_Panels\S4100-0053\S4100-0053.docx,Microphone Multiplex Module for 4100ES Audio  , Addressable Fire Alarm Control Panels      4100-1274  4003-9803
C:\SVN\TC\Simplex\non-dita\Datasheets\Addressable_Panels\S4100-0054\S4100-0054.docx,AUTOCALL TFXnet Network Interface (TFXi) Connection to the 4100ES Fire Alarm Control Panel , Addressable Fire Alarm Control Panels      4100-6068
C:\SVN\TC\Simplex\non-dita\Datasheets\Network\S4100-0055\S4100-0055.docx,Network Overview with Applications Reference  , Network Reference   
C:\SVN\TC\Simplex\non-dita\Datasheets\Network\S4100-0056\S4100-0056.docx,Network Communications  Options and Specifications Reference   , Network Reference   4100ES  4190  4010ES and 4010 Network Interface Reference
C:\SVN\TC\Simplex\non-dita\Datasheets\Network\S4100-0057\S4100-0057.docx,Network Interconnections  Physical Bridge Modules  , Network Reference   4100-6036  4100-6037  4010-9903  4010-9904
C:\SVN\TC\Simplex\non-dita\Datasheets\International\S4100-0059\S4100-0059.docx,MX Loop Interface Module  Models 4100-6077 and 4010-9917 for 4100ES  4100U and 4010ES Fire Alarm Control Panels , International Products - MX Technology Addressable Devices  4100-6077  4010-9917
C:\SVN\TC\Simplex\non-dita\Datasheets\Addressable_Panels\S4100-0060\S4100-0060.docx,4100ES Fire Control Panels - Introducing the 4100ES Series of Fire Detection and Control Products, Addressable Fire Alarm Control Panels      4100ES Products
C:\SVN\TC\Simplex\non-dita\Datasheets\Addressable_Panels\S4100-0061\S4100-0061.docx,Building Network Interface Card (BNIC) , Addressable Fire Alarm Control Panels      4100-6047  4010-9914
C:\SVN\TC\Simplex\non-dita\Datasheets\Addressable_Panel_Accessories\S4100-0062\S4100-0062.docx,Fire Control Panel Accessories  SafeLINC Fire Panel Internet Interface for Model Series 4100ES  4010ES  and 4100U , Multi-Use Addressable Control Panel Accessories    4100-6079  4010-9923
C:\SVN\TC\Simplex\non-dita\Datasheets\Addressable_Panel_Accessories\S4100-0063\S4100-0063.docx,TrueInsight Remote Service Overview and Hardware Reference  4100ES  4007ES  4010ES  and 4100U , Multi-Use Addressable Control Panel Accessories    4190-8001  4190-6104  4100-6105  4190-4016
C:\SVN\TC\Simplex\non-dita\Datasheets\International\S4100-0064\S4100-0064.docx,Pre-Configured 2-Bay 4100ES Fire Alarm Control Panels (A4 layout) , International Products - Fire Alarm Control Panels and Accessories  4100-9221  4100-9223  4100-9224  4100-9225
C:\SVN\TC\Simplex\non-dita\Datasheets\Addressable_Panels\S4100-0065\S4100-0065.docx,TrueAlert Addressable Power Supplies  Cabinet Mounted  for installed system expansion  ,Addressable Fire Alarm Control Panels      4100-5120  4100-5121  4100-5122  4100-5124
C:\SVN\TC\Simplex\non-dita\Datasheets\Addressable_Panels\S4100-0100\S4100-0100.docx,4100ES Fire Control Panels  Addressable Fire Detection and Control  Basic Panel Modules and Accessories  with EPS Power Supplies providing IDNAC Notification   , Addressable Fire Alarm Control Panels      4100-9311  -9312  -9313  -9511  -9331  -9332
C:\SVN\TC\Simplex\non-dita\Datasheets\Addressable_Panels\S4100-0101\S4100-0101.docx,4100ES Fire Alarm Control Panels  InfoAlarm Command Center for Fire Alarm  Control Panels with EPS Power Supplies with IDNAC Notification   , Addressable Fire Alarm Control Panels      4100-9314  -9315  -9316  -9513  -9512  -9352  -9355
C:\SVN\TC\Simplex\non-dita\Datasheets\Network\S4100-0102\S4100-0102.docx,4100ES Network Annunciator Panels  Network Display Units with Voice Command Center and EPS Power Supplies  with IDNAC notification   , Network Annunciators   4100-9342  4100-9542
C:\SVN\TC\Simplex\non-dita\Datasheets\Addressable_Panels\S4100-0103\S4100-0103.docx,4100ES Fire Control Panels  Addressable Fire Detection and Control  MINIPLEX Transponders  with EPS Power Supplies  with IDNAC notification  , Addressable Fire Alarm Control Panels      4100 Series
C:\SVN\TC\Simplex\non-dita\Datasheets\IDNet_MAPNET_II\S4190-0007\S4190-0007.docx,IDNet or MAPNET II 4-20 mA ZAM (AMZ) , IDNet/MAPNET II Addressable Input/Output Devices    4190 Series
C:\SVN\TC\Simplex\non-dita\Datasheets\Printers_PC_Annunciator\S4190-0011\S4190-0011.docx,Model 4190-9013  24 Pin Dot Matrix Fire Alarm System Remote Printer, Printers  Terminals  and Accessories     4190-9013
C:\SVN\TC\Simplex\non-dita\Datasheets\Printers_PC_Annunciator\S4190-0013\S4190-0013.docx,Fire Alarm System Accessories  4190 Series PC Annunciator with Multi-Client Capability , Printers  Terminals  and Accessories     4190-5040  4190-8201  4190-8602  4190-7011  4190-7012
C:\SVN\TC\Simplex\non-dita\Datasheets\Network\S4190-0016\S4190-0016.docx,Fire Alarm Network Annunciators  TrueSite Workstations with Multi-Client Capability  version 3.03 , Network Annunciators   4190-8401  4190-8403  4190-8410  4190-8603  4190-7015  4190-7016
C:\SVN\TC\Simplex\non-dita\Datasheets\Network\S4190-0017\S4190-0017.docx,Fire Alarm Network Products  Network System Integrator , Network Reference   4190-9826  4190-9827
C:\SVN\TC\Simplex\non-dita\Datasheets\Network\S4190-0018\S4190-0018.docx,Fire Alarm Ethernet Switches  for local area network connection of TrueSite Workstation Servers to Remote Clients , Network Annunciators   4190-6050  4190-6054  4190-6055
C:\SVN\TC\Simplex\non-dita\Datasheets\TrueAlert_Addressable\S4190-0019\S4190-0019.docx,Emergency Communications Display Interface (ECDI) Software  Model 4190-9815 for 4100ES Fire Control Panels B), TrueAlert Addressable Horns  Strobe and A/V Notification Appliances   4190-9815
C:\SVN\TC\Simplex\non-dita\Datasheets\Network\S4190-0020\S4190-0020.docx,TrueAlarm Fire Alarm Systems  Fire Alarm Network Annunciators  TrueSite Incident Commander  version 3.03  , Network Annunciators   4190 series
C:\SVN\TC\Simplex\non-dita\Datasheets\Network\S4190-0021\S4190-0021.docx,AUTOCALL FireGraph Colorgraphics System Migration to Simplex TrueSite Workstation Network Annunciation Platform ,Network Annunciators   4190-6018  4190-6019  4190-4015
C:\SVN\TC\Simplex\non-dita\Datasheets\International\S4190-0022\S4190-0022.docx,TrueAlarm Fire Alarm Systems  Fire Alarm Network Annunciators  TrueSite Graphic Annunciators , International Products - Fire Alarm Control Panels and Accessories  4190-8406  4190-8606
C:\SVN\TC\Simplex\non-dita\Datasheets\International\S4190-0023\S4190-0023.docx,TrueAlarm Fire Alarm Systems  Fire Alarm Network Annunciators  TrueSite Incident Commander Graphic Annunciator , International Products - Fire Alarm Control Panels and Accessories  4190-8407
C:\SVN\TC\Simplex\non-dita\Datasheets\Network\S4190-0024\S4190-0024.docx,TrueAlarm Fire Alarm Systems  Fire Alarm Network Annunciators  TrueSite Workstation Mobile Client , Network Annunciators   4190-5067
C:\SVN\TC\Simplex\non-dita\Datasheets\International\S4190-0025\S4190-0025.docx,TrueAlarm Fire Alarm Systems  TrueSite Workstation Mobile Client for TrueSite Graphic Annunciator , International Products - Fire Alarm Control Panels and Accessories  4190-5067
C:\SVN\TC\Simplex\non-dita\Datasheets\LED_Annunciators\S4601-0002\S4601-0002.docx,LED Annunciators & 4004 Remote Control , LED Annunciators     4601 Series
C:\SVN\TC\Simplex\non-dita\Datasheets\LED_Annunciators\S4602-0001\S4602-0001.docx,SCU/RCU Serial LED Annunciator/Control  (& 4005)  now covers product previously on S4602-0004, LED Annunciators     4602 Series
C:\SVN\TC\Simplex\non-dita\Datasheets\LCD_Annunciators\S4603-0001\S4603-0001.docx,LCD Annunciator for 4100ES/4100U , LCD Annunciators    4603-9101  4603-9101C  4603-9111  2975-9206
C:\SVN\TC\Simplex\non-dita\Datasheets\LCD_Annunciators\S4606-0001\S4606-0001.docx,LCD Annunciator for use with the 4010  4006  and 4008 Fire Alarm Control Panels  , LCD Annunciators    4606-9101
C:\SVN\TC\Simplex\non-dita\Datasheets\LCD_Annunciators\S4606-0002\S4606-0002.docx,4606-9102 LCD Annunciator for 4010ES Fire Alarm Control Panels, LCD Annunciators    4606-9102  4603-9111  2975-9206
C:\SVN\TC\Simplex\non-dita\Datasheets\LCD_Annunciators\S4606-0003\S4606-0003.docx,4606 Series Color Touchscreen LCD Annunciators for 4007ES Fire Alarm Control Panels, LCD Annunciators    S4606-0003
C:\SVN\TC\Simplex\non-dita\Datasheets\LED_Annunciators\S4610-0001\S4610-0001.docx,LED/Switch Annunciator for use with the 4006 and 4008 Fire Alarm Control Panels, LED Annunciators     4610-9111  2975-9228
C:\SVN\TC\Simplex\non-dita\Datasheets\Horns_Speakers\S4901-0009\S4901-0009.docx,Electronic Horn   , Horns  Conventional and SmartSync Operation      4901-9822
C:\SVN\TC\Simplex\non-dita\Datasheets\Horns_Speakers\S4901-0010\S4901-0010.docx,TrueAlert Non-Addressable Horn  SmartSync or Free-Run Operation    , Horns  Conventional and SmartSync Operation      4901-9820
C:\SVN\TC\Simplex\non-dita\Datasheets\Horns_Speakers\S4901-0013\S4901-0013.docx,SmartSync 2-Wire Operation  Non-Addressable Mini-Horn , Horns  Conventional and SmartSync Operation      4901-9858  4901-9859
C:\SVN\TC\Simplex\non-dita\Datasheets\Horns_Speakers\S4901-0014\S4901-0014.docx,TrueAlert Notification Appliances SmartSync 2-Wire Operation  Non-Addressable Multi-Tone Horns , Horns  Conventional and SmartSync Operation      4901-9856  4901-9857
C:\SVN\TC\Simplex\non-dita\Datasheets\Canadian\S4901-0015\S4901-0015.docx,4901 Series Insuite Silenceable Devices - Multi-Application Peripherals and Accessories, Additional Canadian Products - Horns and Insuite Devices  4901-9838CA  4901-9839CA  4901-9851C  4901-9852C
C:\SVN\TC\Simplex\non-dita\Datasheets\Horns_Speakers\S4902-0003\S4902-0003.docx,Speakers for Wall and Ceiling Mount  guard model number changed to 4905-9999  , Speakers and Accessories    4902-9716  -9717  -9721  4905-9999
C:\SVN\TC\Simplex\non-dita\Datasheets\Horns_Speakers\S4902-0004\S4902-0004.docx,SmartSync 2-Wire Operation  Non-Addressable Electronic Chime , Horns  Conventional and SmartSync Operation      4902-9210  4902-9211
C:\SVN\TC\Simplex\non-dita\Datasheets\Non_Add_VO_AV_SV\S4903-0007\S4903-0007.docx,A/V Modular Adapter   , Visible and A/V Appliances  Conv. And SmartSync Operation      4905-9921  4905-9925
C:\SVN\TC\Simplex\non-dita\Datasheets\Non_Add_VO_AV_SV\S4903-0011\S4903-0011.docx,TrueAlert Non-Addressable Audible/Visible Notification Appliances for 4-Wire Operation  strobe selectable as Free-Run or Synch   , Visible and A/V Appliances  Conv. And SmartSync Operation      4903-9425  -9426  -9427  -9431  -9432  -9433
C:\SVN\TC\Simplex\non-dita\Datasheets\Non_Add_VO_AV_SV\S4903-0015\S4903-0015.docx,TrueAlert Non-Addressable Speaker/Visible  with strobe selectable as Free-Run or Synch , Visible and A/V Appliances  Conv. And SmartSync Operation      4903 Series
C:\SVN\TC\Simplex\non-dita\Datasheets\Non_Add_VO_AV_SV\S4903-0016\S4903-0016.docx,Rectangular S/V (speaker strobe) with strobe selectable as Free-Run or Sync  , Visible and A/V Appliances  Conv. And SmartSync Operation      4903 Series
C:\SVN\TC\Simplex\non-dita\Datasheets\Non_Add_VO_AV_SV\S4903-0017\S4903-0017.docx,Rectangular A/V (horn/strobe) with strobe selectable as Free-Run or Synch   , Visible and A/V Appliances  Conv. And SmartSync Operation      4903 Series
C:\SVN\TC\Simplex\non-dita\Datasheets\Non_Add_VO_AV_SV\S4903-0019\S4903-0019.docx,TrueAlert Non-Addressable Speaker/Visible  Ceiling Mount  strobe selectable for Free-Run or Synch  , Visible and A/V Appliances  Conv. And SmartSync Operation      4903-9196  -9197  & -9198
C:\SVN\TC\Simplex\non-dita\Datasheets\Non_Add_VO_AV_SV\S4904-0005\S4904-0005.docx,TrueAlert Non-Addressable Free-Run Strobes   , Visible and A/V Appliances  Conv. And SmartSync Operation      4904 Series
C:\SVN\TC\Simplex\non-dita\Datasheets\Non_Add_VO_AV_SV\S4904-0008\S4904-0008.docx,Wall Mount Rectangular Strobe  selectable as Free-Run or Synch/SmartSync   , Visible and A/V Appliances  Conv. And SmartSync Operation      4904 Series
C:\SVN\TC\Simplex\non-dita\Datasheets\Non_Add_VO_AV_SV\S4904-0009\S4904-0009.docx,Ceiling Mount Rectangular Strobe  Selectable as Free-Run or Synch/SmartSync    , Visible and A/V Appliances  Conv. And SmartSync Operation      4904 Series
C:\SVN\TC\Simplex\non-dita\Datasheets\TrueAlert_Addressable\S4905-0001\S4905-0001.docx,TrueAlert Isolator+ Module , TrueAlert Addressable Horns  Strobe and A/V Notification Appliances   4905-9929
C:\SVN\TC\Simplex\non-dita\Datasheets\TrueAlert_Addressable\S4905-0002\S4905-0002.docx,Aftermarket Covers for Addressable and Non-Addressable TrueAlert Appliances  includes French versions for V/O  A/V  and S/V, TrueAlert Addressable Horns  Strobe and A/V Notification Appliances   4905  49CMTC  and 49CMTVC Series
C:\SVN\TC\Simplex\non-dita\Datasheets\Non_Add_VO_AV_SV\S4905-0003\S4905-0003.docx,SmartSync Control Module and Strobe Synchronization Modules Reference document    , Visible and A/V Appliances  Conv. And SmartSync Operation      4905-9938  4905-9914  & 4905-9922
C:\SVN\TC\Simplex\non-dita\Datasheets\TrueAlert_Addressable\S4905-0004\S4905-0004.docx,TrueAlert Addressable Adapter Module , TrueAlert Addressable Horns  Strobe and A/V Notification Appliances   4905-9816  4905-9817  4905 -9818
C:\SVN\TC\Simplex\non-dita\Datasheets\Non_Add_VO_AV_SV\S4905-0005\S4905-0005.docx,SmartSync Adapter Module , Visible and A/V Appliances  Conv. And SmartSync Operation      4905-9815  4905-9817  4905-9818
C:\SVN\TC\Simplex\non-dita\Datasheets\TrueAlarm_Addr_Accessories\S4905-0006\S4905-0006.docx,4905-9835 Temporal Code 4 Module for CO Gas Alarm Notification , TrueAlarm Addressable Peripheral Accessories  4905-9835
C:\SVN\TC\Simplex\non-dita\Datasheets\Non_Add_VO_AV_SV\S4905-0008\S4905-0008.docx,Adapter Plates and Accessories  Selection and Application Reference  includes multiple appliance applications reference for wire guards  adapter skirts  tile bridge  and special boxes  6/20/12  added compatibility reference to STI covers, Visible and A/V Appliances  Conv. And SmartSync Operation      4905 Series
C:\SVN\TC\Simplex\non-dita\Datasheets\Canadian\S4905-0009\S4905-0009.docx,4905 Series Insuite Device Distribution Module, Additional Canadian Products - Horns and Insuite Devices  4905-9996CA  617-343
C:\SVN\TC\Simplex\non-dita\Datasheets\Non_Add_VO_AV_SV\S4906-0001\S4906-0001.docx,Multi-Candela V/O (strobe)  Wall and Ceiling Mount   , Visible and A/V Appliances  Conv. And SmartSync Operation      4906-9101  -9102  -9103  -9104
C:\SVN\TC\Simplex\non-dita\Datasheets\Non_Add_VO_AV_SV\S4906-0002\S4906-0002.docx,Multi-Candela A/Vs (horn/strobe)  Wall and Ceiling Mount   , Visible and A/V Appliances  Conv. And SmartSync Operation      4906-9127  -9128  -9129  -9130
C:\SVN\TC\Simplex\non-dita\Datasheets\Non_Add_VO_AV_SV\S4906-0003\S4906-0003.docx,Multi-Candela S/Vs (speaker/strobe)  Wall and Ceiling mount   , Visible and A/V Appliances  Conv. And SmartSync Operation      4906-9151  4906-9153  4906-9154  4906-9157
C:\SVN\TC\Simplex\non-dita\Datasheets\TrueAlert_Addressable\S4906-0004\S4906-0004.docx,TrueAlert Addressable  Multi-Candela Visible Only (V/O) Appliances (Strobes)  Ceiling Mount , TrueAlert Addressable Horns  Strobe and A/V Notification Appliances   4906-9202  4906-9204
C:\SVN\TC\Simplex\non-dita\Datasheets\TrueAlert_Addressable\S4906-0005\S4906-0005.docx,TrueAlert Addressable  Multi-Candela Audible/Visible (A/V) Appliances  Ceiling Mount , TrueAlert Addressable Horns  Strobe and A/V Notification Appliances   4906-9228  4906-9230
C:\SVN\TC\Simplex\non-dita\Datasheets\TrueAlert_Addressable\S4906-0006\S4906-0006.docx,TrueAlert Addressable  Multi-Candela Speaker/Visible (S/V) Appliances , TrueAlert Addressable Horns  Strobe and A/V Notification Appliances   4906-9251  4906-9253  4906-9254  4906-9255  4906-9256  4906-9257
C:\SVN\TC\Simplex\non-dita\Datasheets\TrueAlert_Addressable\S4906-0007\S4906-0007.docx,TrueAlert Addressable  Multi-Candela Visible Only (V/O) Amber Lens Ceiling Mount Strobes for Emergency Communications , TrueAlert Addressable Horns  Strobe and A/V Notification Appliances   4906-9207
C:\SVN\TC\Simplex\non-dita\Datasheets\Non_Add_VO_AV_SV\S4906-0008\S4906-0008.docx,TrueAlert Multi-Candela Notification Appliances  Non-Addressable Visible Only (V/O) Amber Lens Strobes for Emergency Communications   , Visible and A/V Appliances  Conv. And SmartSync Operation      4906-9107  4906-9108
C:\SVN\TC\Simplex\non-dita\Datasheets\TrueAlert_Addressable\S4906-0009\S4906-0009.docx,Dual Emergency Communication Appliance  Clear/Amber Strobe , TrueAlert Addressable Horns  Strobe and A/V Notification Appliances   4906-9208  4906-9211  4905-9837  4905-9847  4905-9840
C:\SVN\TC\Simplex\non-dita\Datasheets\Non_Add_VO_AV_SV\S4906-0010\S4906-0010.docx,TrueAlert Multi-Candela Weatherproof Notification Appliances (non-addressable)  Wall Mount Visible Only (V/O) and Audible/Visible (A/V)    , Visible and A/V Appliances  Conv. And SmartSync Operation      4906-9105  4906-9106  4906-9131  4906-9132  4906-9113  4906-9143  49WPBB-AVVOWR  4905-9829  4905-9832  4905-9833
C:\SVN\TC\Simplex\non-dita\Datasheets\Non_Add_VO_AV_SV\S4906-0011\S4906-0011.docx,TrueAlert Multi-Candela Notification Appliances  High Intensity (non-addressable) Strobe (V/O) and Horn/Strobe  135 cd  177 cd  or 185 cd  (A/V)    , Visible and A/V Appliances  Conv. And SmartSync Operation      4906-9109  4906-9111  4906-9110  4906-9112  4906-9139  4906-9141  4906-9140  4906-9142
C:\SVN\TC\Simplex\non-dita\Datasheets\Non_Add_VO_AV_SV\S4906-0012\S4906-0012.docx,SmartSync Operation Audible/Visible Notification with Chime and Synchronized Flash  Non-Addressable , Visible and A/V Appliances  Conv. And SmartSync Operation      4906-9133  4906-9134  4906-9135  4906-9136
C:\SVN\TC\Simplex\non-dita\Datasheets\Non_Add_VO_AV_SV\S4906-0013\S4906-0013.docx,SmartSync Operation Audible/Visible Notification with Multi-Tone Horn and Synchronized Flash  Non-Addressable , Visible and A/V Appliances  Conv. And SmartSync Operation      4906-9137  4906-9138
C:\SVN\TC\Simplex\non-dita\Datasheets\International\S4906-0014\S4906-0014.docx,MX Technology Addressable Devices  Loop Powered General Signaling Sounders for Indoor and Outdoor Applications , International Products - MX Technology Addressable Devices  4906-5201  4906-5202  4906-5302
C:\SVN\TC\Simplex\non-dita\Datasheets\International\S4906-0015\S4906-0015.docx,MX Technology Addressable Devices  Loop Powered General Signaling Sounder-Beacons for Indoor and Outdoor Applications , International Products - MX Technology Addressable Devices  4906-5205  4906-5206  4906-5207
C:\SVN\TC\Simplex\non-dita\Datasheets\TrueAlert_Addressable\S4906CE-001\S4906CE-001.docx,TrueAlert Addressable Notification Appliances  Multi-Candela Visible Only (V/O) Appliances (Strobes)  Ceiling Mount  Chinese/English , International Products - TrueAlert Notification Appliances  4906-9212
C:\SVN\TC\Simplex\non-dita\Datasheets\TrueAlert_Addressable\S4906CE-002\S4906CE-002.docx,TrueAlert Addressable Notification Appliances  Multi-Candela Speaker/Visible (S/V) Appliances  Chinese/English , International Products - TrueAlert Notification Appliances  4906-9253  4906-9258
C:\SVN\TC\Simplex\non-dita\Datasheets\TrueAlert_Addressable\S4907-0001\S4907-0001.docx,TrueAlert Text Messaging Appliances  LED Text Messaging Appliance with addressable message selection by 4100ES  4010ES  4100U or 4010 IDNet Communications  , TrueAlert Addressable Horns  Strobe and A/V Notification Appliances   4907-9001  9002  9005  & 9006
C:\SVN\TC\Simplex\non-dita\Datasheets\Addressable_Panels\S4907-0002\S4907-0002.docx,TrueAlert NEWS (National Emergency Warning System) ECS Radio Receiver Model 4907-9101  with interface to 4100ES audio fire alarm control panels  , Addressable Fire Alarm Control Panels      4907-9101  4100-5156
C:\SVN\TC\Simplex\non-dita\Datasheets\TrueAlert_Addressable\S49AO-0001\S49AO-0001.docx,TrueAlert ES Addressable Notification Appliances  Audible Notification Appliances  Electronic Horns  Model Series 49AO , TrueAlert Addressable Horns  Strobe and A/V Notification Appliances   49AO Series
C:\SVN\TC\Simplex\non-dita\Datasheets\TrueAlert_Addressable\S49AV-0001\S49AV-0001.docx,TrueAlert ES Addressable Notification Appliances  Audible/Visible Notification Appliances  Wall Mount  Multi-Candela Horn/Strobe  Model Series 49AV , TrueAlert Addressable Horns  Strobe and A/V Notification Appliances   49AV Series
C:\SVN\TC\Simplex\non-dita\Datasheets\International\S49AVCE-0001\S49AVCE-0001.docx,TrueAlert ES Notification Appliances  Audible/Visible Notification Appliances  Wall Mount Multi-Candela Horn/Strobe  Chinese/English , International Products - TrueAlert Notification Appliances  49AV Series
C:\SVN\TC\Simplex\non-dita\Datasheets\Horns_Speakers\S49CMT-0001\S49CMT-0001.docx,TrueAlert Notification Appliances  Multi-Tone Horns  SmartSync Controlled or Free-run  with 520 Hz output  Non-Addressable   , Horns  Conventional and SmartSync Operation      49CMT-WRF  49CMT-WWF  49CMT-APPLW
C:\SVN\TC\Simplex\non-dita\Datasheets\Non_Add_VO_AV_SV\S49CMTV-0001\S49CMTV-0001.docx,TrueAlert Notification Appliances  Audible/Visible Notification Appliances  Multi-Tone Horn/Strobe with 520 Hz Output  Non-Addressable   , Visible and A/V Appliances  Conv. And SmartSync Operation      49CMTV-WRF  49CMTV-WWF  49CMTV-APPLW
C:\SVN\TC\Simplex\non-dita\Datasheets\TrueAlert_Addressable\S49CV-0001\S49CV-0001.docx,TrueAlert ES Notification Appliance Accessories  Appliance Cover Selection Reference , TrueAlert Addressable Horns  Strobe and A/V Notification Appliances   49CV Series
C:\SVN\TC\Simplex\non-dita\Datasheets\TrueAlert_Addressable\S49LENS-0001\S49LENS-0001.docx,TrueAlert ES Addressable Notification Appliances  Wall Mount Visible & Audible/Visible Notification Appliances for Emergency Communications  , TrueAlert Addressable Horns  Strobe and A/V Notification Appliances   49VO-WRA-A  49VO-WWA-A  49VO-WWS-A  49LENS series
C:\SVN\TC\Simplex\non-dita\Datasheets\TrueAlert_Addressable\S49MT-0001\S49MT-0001.docx,TrueAlert ES Addressable Notification Appliances  Audible Notification Appliances  Multi-Tone Horns with 520 Hz Output  , TrueAlert Addressable Horns  Strobe and A/V Notification Appliances   49MT-WRF  49MT-WWF  49MT-WRS  49MT-WWS  49MT-APPLW
C:\SVN\TC\Simplex\non-dita\Datasheets\TrueAlert_Addressable\S49MTV-0001\S49MTV-0001.docx,TrueAlert ES Addressable Notification Appliances  Audible/Visible Notification Appliances  Multi-Tone Horn/Strobe with 520 Hz Output  , TrueAlert Addressable Horns  Strobe and A/V Notification Appliances   49MTV-WRF  49MTV-WWF  49MTV-APPLW
C:\SVN\TC\Simplex\non-dita\Datasheets\TrueAlert_Addressable\S49SOC-0001\S49SOC-0001.docx,TrueAlert ES Ceiling Mount Addressable Speaker (S/O) Appliances , TrueAlert Addressable Horns  Strobe and A/V Notification Appliances   49SOC Series
C:\SVN\TC\Simplex\non-dita\Datasheets\TrueAlert_Addressable\S49SOW-0001\S49SOW-0001.docx,TrueAlert ES Wall Mount Addressable Speaker (S/O) Appliances , TrueAlert Addressable Horns  Strobe and A/V Notification Appliances   49SOW Series
C:\SVN\TC\Simplex\non-dita\Datasheets\TrueAlert_Addressable\S49SVC-0001\S49SVC-0001.docx,TrueAlert ES Ceiling Mount Addressable Speaker Visible (S/V) Appliances , TrueAlert Addressable Horns  Strobe and A/V Notification Appliances   49SVC Series
C:\SVN\TC\Simplex\non-dita\Datasheets\TrueAlert_Addressable\S49SVW-0001\S49SVW-0001.docx,TrueAlert ES Wall Mount Addressable Speaker Visible (S/V) Appliances , TrueAlert Addressable Horns  Strobe and A/V Notification Appliances   49SVW Series
C:\SVN\TC\Simplex\non-dita\Datasheets\TrueAlert_Addressable\S49SWC-0001\S49SWC-0001.docx,TrueAlert ES Addressable Wall and Ceiling Mount Speaker and Speaker Visible Notification Appliances , TrueAlert Addressable Horns  Strobe and A/V Notification Appliances   49 Series
C:\SVN\TC\Simplex\non-dita\Datasheets\TrueAlert_Addressable\S49VO-0001\S49VO-0001.docx,TrueAlert ES Addressable Notification Appliances  Visible Notification Appliances  Wall Mount Multi-Candela Strobes  Model Series 49VO , TrueAlert Addressable Horns  Strobe and A/V Notification Appliances   49VO Series
C:\SVN\TC\Simplex\non-dita\Datasheets\International\S49VOCE-0001\S49VOCE-0001.docx,TrueAlert ES Addressable Notification Appliances  Visible Notification Appliances  Wall Mount Multi-Candela Strobe  Chinese/English , International Products - TrueAlert Notification Appliances  49VO Series
C:\SVN\TC\Simplex\non-dita\Datasheets\TrueAlert_Addressable\S49WP-0001\S49WP-0001.docx,TrueAlert ES Addressable Notification Appliances  Wall Mount Weatherproof Notification Appliances  Visible Only (V/O) and Audible/Visible (A/V)  UL Listed , TrueAlert Addressable Horns  Strobe and A/V Notification Appliances   49WP Series
C:\SVN\TC\Simplex\non-dita\Datasheets\TrueAlert_Addressable\S49WP-0002\S49WP-0002.docx,TrueAlert ES Addressable Notification Appliances  Wall Mount Weatherproof Notification Appliances  Visible Only (V/O) and Audible/Visible (A/V)  ULC Listed , TrueAlert Addressable Horns  Strobe and A/V Notification Appliances   49WP Series
C:\SVN\TC\Simplex\non-dita\Datasheets\International\S59AO-0001\S59AO-0001.docx,TrueAlert ES Addressable Notification Appliances  Audible Notification Appliances  Electronic Horns  Model Series 59AO , International Products - TrueAlert Notification Appliances  59AO Series
C:\SVN\TC\Simplex\non-dita\Datasheets\TrueAlert_Addressable\S59AO-0002\S59AO-0002.docx,TrueAlert ES Addressable Notification Appliances  Audible Notification Appliances  Electronic Horns  Model Series 59AO , TrueAlert Addressable Horns  Strobe and A/V Notification Appliances   59AO Series
C:\SVN\TC\Simplex\non-dita\Datasheets\International\S59AV-0001\S59AV-0001.docx,TrueAlert ES Addressable Notification Appliances  Audible/Visible Notification Appliances  Wall Mount  Multi-Candela Horn/Strobe  Model Series 59AV , International Products - TrueAlert Notification Appliances  59AV Series
C:\SVN\TC\Simplex\non-dita\Datasheets\TrueAlert_Addressable\S59AV-0002\S59AV-0002.docx,TrueAlert ES Addressable Notification Appliances  Audible/Visible Notification Appliances  Wall Mount  Multi-Candela Horn/Strobe  Model Series 59AV , TrueAlert Addressable Horns  Strobe and A/V Notification Appliances   59AV Series
C:\SVN\TC\Simplex\non-dita\Datasheets\TrueAlert_Addressable\S59CV-0001\S59CV-0001.docx,TrueAlert ES Addressable Notification Appliances  Cover Selection , TrueAlert Addressable Horns  Strobe and A/V Notification Appliances   59 Series
C:\SVN\TC\Simplex\non-dita\Datasheets\International\S59VO-0001\S59VO-0001.docx,TrueAlert ES Addressable Notification Appliances  Visible Notification Appliances  Visible Only (V/O)  , International Products - TrueAlert Notification Appliances  59VO Series
C:\SVN\TC\Simplex\non-dita\Datasheets\TrueAlert_Addressable\S59VO-0002\S59VO-0002.docx,TrueAlert ES Addressable Notification Appliances  Visible Notification Appliances  Visible Only (V/O)  , TrueAlert Addressable Horns  Strobe and A/V Notification Appliances   59VO Series
C:\SVN\TC\Simplex\non-dita\Datasheets\International\S59WP-0001\S59WP-0001.docx,TrueAlert ES Addressable Notification Appliances  Wall Mount Weatherproof Notification Appliances  Visible Only (V/O) and Audible/Visible (A/V) , International Products - TrueAlert Notification Appliances  59WP Series
C:\SVN\TC\Simplex\non-dita\Datasheets\TrueAlert_Addressable\S59WP-0002\S59WP-0002.docx,TrueAlert ES Addressable Notification Appliances  Wall Mount Weatherproof Notification Appliances  Visible Only (V/O) and Audible/Visible (A/V) , TrueAlert Addressable Horns  Strobe and A/V Notification Appliances   59WP Series
